DATA1,DATA2,DATA3
data1,data2,data3
data1,data2,data3
data1,data2,data3
data1,data2,data3
data1,data2,data3
data1,data2,data3
data1,data2,data3
data1,data2,data3
data1,data2,data3
data1,data2,data3
data1,data2,data3
data1,data2,data3
data1,data2,data3
data1,data2,data3
data1,data2,data3
data1,data2,data3
data1,data2,data3
data1,data2,data3
data1,data2,data3
data1,data2,data3
data1,data2,data3
data1,data2,data3
data1,data2,data3
data1,data2,data3
data1,data2,data3
data1,data2,data3
data1,data2,data3
data1,data2,data3
data1,data2,data3
data1,data2,data3
data1,data2,data3
data1,data2,data3
data1,data2,data3
data1,data2,data3
data1,data2,data3
data1,data2,data3
data1,data2,data3
data1,data2,data3
data1,data2,data3
data1,data2,data3
data1,data2,data3
data1,data2,data3
data1,data2,data3
data1,data2,data3
data1,data2,data3
data1,data2,data3
data1,data2,data3
data1,data2,data3
data1,data2,data3
data1,data2,data3
data1,data2,data3
data1,data2,data3
data1,data2,data3
data1,data2,data3
data1,data2,data3
data1,data2,data3
data1,data2,data3
data1,data2,data3
data1,data2,data3
data1,data2,data3
data1,data2,data3
data1,data2,data3
data1,data2,data3
data1,data2,data3
data1,data2,data3
data1,data2,data3
data1,data2,data3
data1,data2,data3
data1,data2,data3
data1,data2,data3
data1,data2,data3
data1,data2,data3
data1,data2,data3
data1,data2,data3
data1,data2,data3
data1,data2,data3
data1,data2,data3
data1,data2,data3
data1,data2,data3
data1,data2,data3
data1,data2,data3
data1,data2,data3
data1,data2,data3
data1,data2,data3
data1,data2,data3
data1,data2,data3
data1,data2,data3
data1,data2,data3
data1,data2,data3
data1,data2,data3
data1,data2,data3
data1,data2,data3
data1,data2,data3
data1,data2,data3
data1,data2,data3
data1,data2,data3
data1,data2,data3
data1,data2,data3
data1,data2,data3
data1,data2,data3
data1,data2,data3
data1,data2,data3
data1,data2,data3
data1,data2,data3
data1,data2,data3
data1,data2,data3
data1,data2,data3
data1,data2,data3
data1,data2,data3
data1,data2,data3
data1,data2,data3
data1,data2,data3
data1,data2,data3
data1,data2,data3
data1,data2,data3
data1,data2,data3
data1,data2,data3
data1,data2,data3
data1,data2,data3
data1,data2,data3
data1,data2,data3
data1,data2,data3
data1,data2,data3
data1,data2,data3
data1,data2,data3
data1,data2,data3
data1,data2,data3
data1,data2,data3
data1,data2,data3
data1,data2,data3
data1,data2,data3
data1,data2,data3
data1,data2,data3
data1,data2,data3
data1,data2,data3
data1,data2,data3
data1,data2,data3
data1,data2,data3
data1,data2,data3
data1,data2,data3
data1,data2,data3
data1,data2,data3
data1,data2,data3
data1,data2,data3
data1,data2,data3
data1,data2,data3
data1,data2,data3
data1,data2,data3
data1,data2,data3
data1,data2,data3
data1,data2,data3
data1,data2,data3
data1,data2,data3
data1,data2,data3
data1,data2,data3
data1,data2,data3
data1,data2,data3
data1,data2,data3
data1,data2,data3
data1,data2,data3
data1,data2,data3
data1,data2,data3
data1,data2,data3
data1,data2,data3
data1,data2,data3
data1,data2,data3
data1,data2,data3
data1,data2,data3
data1,data2,data3
data1,data2,data3
data1,data2,data3
data1,data2,data3
data1,data2,data3
data1,data2,data3
data1,data2,data3
data1,data2,data3
data1,data2,data3
data1,data2,data3
data1,data2,data3
data1,data2,data3
data1,data2,data3
data1,data2,data3
data1,data2,data3
data1,data2,data3
data1,data2,data3
data1,data2,data3
data1,data2,data3
data1,data2,data3
data1,data2,data3
data1,data2,data3
data1,data2,data3
data1,data2,data3
data1,data2,data3
data1,data2,data3
data1,data2,data3
data1,data2,data3
data1,data2,data3
data1,data2,data3
data1,data2,data3
data1,data2,data3
data1,data2,data3
data1,data2,data3
data1,data2,data3
data1,data2,data3
data1,data2,data3
data1,data2,data3
data1,data2,data3
data1,data2,data3
data1,data2,data3
data1,data2,data3
data1,data2,data3
data1,data2,data3
data1,data2,data3
data1,data2,data3
data1,data2,data3
data1,data2,data3
data1,data2,data3
data1,data2,data3
data1,data2,data3
data1,data2,data3
data1,data2,data3
data1,data2,data3
data1,data2,data3
data1,data2,data3
data1,data2,data3
data1,data2,data3
data1,data2,data3
data1,data2,data3
data1,data2,data3
data1,data2,data3
data1,data2,data3
data1,data2,data3
data1,data2,data3
data1,data2,data3
data1,data2,data3
data1,data2,data3
data1,data2,data3
data1,data2,data3
data1,data2,data3
data1,data2,data3
data1,data2,data3
data1,data2,data3
data1,data2,data3
data1,data2,data3
data1,data2,data3
data1,data2,data3
data1,data2,data3
data1,data2,data3
data1,data2,data3
data1,data2,data3
data1,data2,data3
data1,data2,data3
data1,data2,data3
data1,data2,data3
data1,data2,data3
data1,data2,data3
data1,data2,data3
data1,data2,data3
data1,data2,data3
data1,data2,data3
data1,data2,data3
data1,data2,data3
data1,data2,data3
data1,data2,data3
data1,data2,data3
data1,data2,data3
data1,data2,data3
data1,data2,data3
data1,data2,data3
data1,data2,data3
data1,data2,data3
data1,data2,data3
data1,data2,data3
data1,data2,data3
data1,data2,data3
data1,data2,data3
data1,data2,data3
data1,data2,data3
data1,data2,data3
data1,data2,data3
data1,data2,data3
data1,data2,data3
data1,data2,data3
data1,data2,data3
data1,data2,data3
data1,data2,data3
data1,data2,data3
data1,data2,data3
data1,data2,data3
data1,data2,data3
data1,data2,data3
data1,data2,data3
data1,data2,data3
data1,data2,data3
data1,data2,data3
data1,data2,data3
data1,data2,data3
data1,data2,data3
data1,data2,data3
data1,data2,data3
data1,data2,data3
data1,data2,data3
data1,data2,data3
data1,data2,data3
data1,data2,data3
data1,data2,data3
data1,data2,data3
data1,data2,data3
data1,data2,data3
data1,data2,data3
data1,data2,data3
data1,data2,data3
data1,data2,data3
data1,data2,data3
data1,data2,data3
data1,data2,data3
data1,data2,data3
data1,data2,data3
data1,data2,data3
data1,data2,data3
data1,data2,data3
data1,data2,data3
data1,data2,data3
data1,data2,data3
data1,data2,data3
data1,data2,data3
data1,data2,data3
data1,data2,data3
data1,data2,data3
data1,data2,data3
data1,data2,data3
data1,data2,data3
data1,data2,data3
data1,data2,data3
data1,data2,data3
data1,data2,data3
data1,data2,data3
data1,data2,data3
data1,data2,data3
data1,data2,data3
data1,data2,data3
data1,data2,data3
data1,data2,data3
data1,data2,data3
data1,data2,data3
data1,data2,data3
data1,data2,data3
data1,data2,data3
data1,data2,data3
data1,data2,data3
data1,data2,data3
data1,data2,data3
data1,data2,data3
data1,data2,data3
data1,data2,data3
data1,data2,data3
data1,data2,data3
data1,data2,data3
data1,data2,data3
data1,data2,data3
data1,data2,data3
data1,data2,data3
data1,data2,data3
data1,data2,data3
data1,data2,data3
data1,data2,data3
data1,data2,data3
data1,data2,data3
data1,data2,data3
data1,data2,data3
data1,data2,data3
data1,data2,data3
data1,data2,data3
data1,data2,data3
data1,data2,data3
data1,data2,data3
data1,data2,data3
data1,data2,data3
data1,data2,data3
data1,data2,data3
data1,data2,data3
data1,data2,data3
data1,data2,data3
data1,data2,data3
data1,data2,data3
data1,data2,data3
data1,data2,data3
data1,data2,data3
data1,data2,data3
data1,data2,data3
data1,data2,data3
data1,data2,data3
data1,data2,data3
data1,data2,data3
data1,data2,data3
data1,data2,data3
data1,data2,data3
data1,data2,data3
data1,data2,data3
data1,data2,data3
data1,data2,data3
data1,data2,data3
data1,data2,data3
data1,data2,data3
data1,data2,data3
data1,data2,data3
data1,data2,data3
data1,data2,data3
data1,data2,data3
data1,data2,data3
data1,data2,data3
data1,data2,data3
data1,data2,data3
data1,data2,data3
data1,data2,data3
data1,data2,data3
data1,data2,data3
data1,data2,data3
data1,data2,data3
data1,data2,data3
data1,data2,data3
data1,data2,data3
data1,data2,data3
data1,data2,data3
data1,data2,data3
data1,data2,data3
data1,data2,data3
data1,data2,data3
data1,data2,data3
data1,data2,data3
